file,result,exit_code,time_seconds
"./sampled/assert_eq_VirtualAssertEQ_32.smt2",error,137,Command exited with non-zero status 137
181.49
"./sampled/eq_abs_EQ_ABS_16.smt2",timeout,124,Command exited with non-zero status 124
180.01
"./sampled/half_word_VirtualAssertHalfwordAlignment_32.smt2",timeout,124,Command exited with non-zero status 124
180.01
"./sampled/identity_IDENTITY_16.smt2",timeout,124,Command exited with non-zero status 124
180.01
"./sampled/left_msb_LEFT_MSB_16.smt2",unsat,0,0.80
"./sampled/pow2_VirtualPow2_32.smt2",(error "Parse Error: ./sampled/pow2_VirtualPow2_32.smt2:497.1: Expected EOF_TOK or LPAREN_TOK, got `assert` (SYMBOL)."),1,Command exited with non-zero status 1
0.01
"./sampled/sign_extend_SIGN_EXTEND_16_16.smt2",timeout,124,Command exited with non-zero status 124
180.00
"./sampled/sll0_SLL0_16.smt2",(error "Parse Error: ./sampled/sll0_SLL0_16.smt2:257.36: Subexpressions must have the same type:,1,Command exited with non-zero status 1
0.03
"./sampled/srl2_SRL2_16.smt2",(error "Parse Error: ./sampled/srl2_SRL2_16.smt2:261.50: expecting comparable bit-vector terms"),1,Command exited with non-zero status 1
0.01
"./sampled/sub_SUB_32.smt2",timeout,124,Command exited with non-zero status 124
255.28
